icon,name
soul0,LostSouls/IMG_01.jpg
soul1,LostSouls/IMG_02.jpg
soul1,LostSouls/IMG_03.jpg
soul0,LostSouls/IMG_04.jpg
soul0,LostSouls/IMG_05.jpg
soul1,LostSouls/IMG_06.jpg
soul1,LostSouls/IMG_07.jpg
rose,LostSouls/IMG_08.jpg
soul1,LostSouls/IMG_09.jpg
soul0,LostSouls/IMG_10.jpg
rose,LostSouls/IMG_11.jpg
soul0,LostSouls/IMG_12.jpg
rose,LostSouls/IMG_13.jpg
soul1,LostSouls/IMG_14.jpg
soul0,LostSouls/IMG_15.jpg
rose,LostSouls/IMG_16.jpg
soul0,LostSouls/IMG_19.jpg
rose,LostSouls/IMG_18.jpg
rose,LostSouls/IMG_17.jpg
soul1,LostSouls/IMG_20.jpg
soul2,LostSouls/IMG_21.jpg
soul3,LostSouls/IMG_22.jpg
rose,LostSouls/IMG_23.jpg
soul1,LostSouls/IMG_24.jpg
soul0,LostSouls/IMG_25.jpg